{
        "crude_1":{
        "ibp220":18.07545008,
        "htsd50":513.4871542,
        "1020plus":0.134203187,
        "v":10.96729002,
        "ni":4.770744953,
        "neut":0.171937414,
        "mcrt":0.017184054,
        "vis100f":15.73495513,
        "rvp":6.30394764,
        "api":42.0,
        "sulf":0.415,
        "pour":39.06053745
    },
    "crude_2": { 
        "ibp220":18.37,
        "htsd50":503.0,
        "1020plus":12.66,
        "v":7.5,
        "ni":3.34,
        "neut":0.15,
        "mcrt":1.51,
        "vis100f":14.62398696,
        "rvp":6.44,
        "api":41.5,
        "sulf":0.415,
        "pour":40.0
    },
    "crude_3": {
        "ibp220":9.1655,
        "htsd50":979.311,
        "1020plus":30.6143,
        "v":116.0,
        "ni":48.1,
        "neut":1.1,
        "mcrt":10.3,
        "vis100f":357.0,
        "rvp":4.34,
        "api":22.6,
        "sulf":3.65,
        "pour":-22.0
    },
    "crude_4": {
        "ibp220":16.4134,
        "htsd50":488.913,
        "1020plus":5.8805,
        "v":0.367,
        "ni":0.302,
        "neut":0.15,
        "mcrt":0.36,
        "vis100f":34.9,
        "rvp":5.93,
        "api":42.3,
        "sulf":0.13,
        "pour":-22.0
    },
    "crude_5": { 
        "ibp220":17.0238,
        "htsd50":503.818,
        "1020plus":7.283,
        "v":2.14,
        "ni":0.75,
        "neut":0.1,
        "mcrt":0.95,
        "vis100f":35.0,
        "rvp":7.01,
        "api":44.0,
        "sulf":0.147,
        "pour":-22.0
    },
    "crude_6": { 
        "ibp220":17.41,
        "htsd50":465.02,
        "1020plus":4.484,
        "v":0.25,
        "ni":0.1,
        "neut":0.1,
        "mcrt":0.13,
        "vis100f":32.0,
        "rvp":8.08,
        "api":50.0,
        "sulf":0.08,
        "pour":5.0        
    },
    "crude_7": { 
        "ibp220":12.159,
        "htsd50":568.704,
        "1020plus":10.0525,
        "v":3.41,
        "ni":1.22,
        "neut":0.1,
        "mcrt":2.06,
        "vis100f":37.5,
        "rvp":5.23,
        "api":42.7,
        "sulf":0.269,
        "pour":-22.0     
    },
    "crude_8": {
        "ibp220":16.7228,
        "htsd50":442.928,
        "1020plus":12.1545,
        "v":1.1,
        "ni":0.0,
        "neut":0.1,
        "mcrt":0.46,
        "vis100f":32.0,
        "rvp":6.89,
        "api":48.5,
        "sulf":0.1,
        "pour":-27.0     
    },
    "crude_9": { 
        "ibp220":16.7988,
        "htsd50":497.179,
        "1020plus":7.6355,
        "v":0.2,
        "ni":0.09,
        "neut":0.1,
        "mcrt":0.14,
        "vis100f":33.0,
        "rvp":6.17,
        "api":41.7,
        "sulf":0.08,
        "pour":-22.0     
    },
    "crude_10": {
        "ibp220":15.447,
        "htsd50":560.713,
        "1020plus":9.948,
        "v":7.35,
        "ni":0.88,
        "neut":0.1,
        "mcrt":1.66,
        "vis100f":38.2,
        "rvp":7.49,
        "api":41.0,
        "sulf":0.33,
        "pour":5.0     
    }
}