{
    "ibp220": [
        0.0,
        19.8
    ],
    "htsd50": [
        470,
        570
    ],
    "1020plus": [
        0,
        16
    ],
    "v": [
        0,
        15
    ],
    "ni": [
        0.0,
        8.0
    ],
    "neut": [
        0.0,
        0.28
    ],
    "mcrt": [
        0.0,
        2.4
    ],
    "vis100f_idx": [
        -2.3643781672184256,
        0.2513713768778552
    ],
    "rvp_idx": [
        0.0,
        16.678404656440467
    ],
    "sg": [
        0.8155619596541787,
        0.8397626112759644
    ],
    "sulf": [
        0.0,
        0.4185
    ],
    "pour_idx": [
        6.520991515006882,
        99.99999999999994
    ]
}