{
    "crude_1": {
        "ibp220": 18.07545008,
        "htsd50": 513.4871542,
        "1020plus": 0.134203187,
        "v": 10.96729002,
        "ni": 4.770744953,
        "neut": 0.171937414,
        "mcrt": 0.017184054,
        "vis100f_idx": 0.08579096705553266,
        "rvp_idx": 9.988855867804894,
        "sg": 0.8155619596541787,
        "sulf": 0.415,
        "pour_idx": 76.24495714821013
    },
    "crude_2": {
        "ibp220": 18.37,
        "htsd50": 503.0,
        "1020plus": 12.66,
        "v": 7.5,
        "ni": 3.34,
        "neut": 0.15,
        "mcrt": 1.51,
        "vis100f_idx": 0.07488832337037035,
        "rvp_idx": 10.259054434806234,
        "sg": 0.8179190751445087,
        "sulf": 0.415,
        "pour_idx": 78.0598214411051
    },
    "crude_3": {
        "ibp220": 9.1655,
        "htsd50": 979.311,
        "1020plus": 30.6143,
        "v": 116.0,
        "ni": 48.1,
        "neut": 1.1,
        "mcrt": 10.3,
        "vis100f_idx": 0.4071597296582392,
        "rvp_idx": 6.264150190295146,
        "sg": 0.918234912394549,
        "sulf": 3.65,
        "pour_idx": 14.901203620867001
    },
    "crude_4": {
        "ibp220": 16.4134,
        "htsd50": 488.913,
        "1020plus": 5.8805,
        "v": 0.367,
        "ni": 0.302,
        "neut": 0.15,
        "mcrt": 0.36,
        "vis100f_idx": 0.19107866287228398,
        "rvp_idx": 9.253762876480597,
        "sg": 0.8141542002301495,
        "sulf": 0.13,
        "pour_idx": 14.901203620867001
    },
    "crude_5": {
        "ibp220": 17.0238,
        "htsd50": 503.818,
        "1020plus": 7.283,
        "v": 2.14,
        "ni": 0.75,
        "neut": 0.1,
        "mcrt": 0.95,
        "vis100f_idx": 0.19141832283352866,
        "rvp_idx": 11.406371768361089,
        "sg": 0.8062678062678063,
        "sulf": 0.147,
        "pour_idx": 14.901203620867001
    },
    "crude_6": {
        "ibp220": 17.41,
        "htsd50": 465.02,
        "1020plus": 4.484,
        "v": 0.25,
        "ni": 0.1,
        "neut": 0.1,
        "mcrt": 0.13,
        "vis100f_idx": 0.18066305930416363,
        "rvp_idx": 13.622731627940489,
        "sg": 0.7796143250688705,
        "sulf": 0.08,
        "pour_idx": 31.4915866777365
    },
    "crude_7": {
        "ibp220": 12.159,
        "htsd50": 568.704,
        "1020plus": 10.0525,
        "v": 3.41,
        "ni": 1.22,
        "neut": 0.1,
        "mcrt": 2.06,
        "vis100f_idx": 0.19953544488020694,
        "rvp_idx": 7.9091008092211865,
        "sg": 0.812284730195178,
        "sulf": 0.269,
        "pour_idx": 14.901203620867001
    },
    "crude_8": {
        "ibp220": 16.7228,
        "htsd50": 442.928,
        "1020plus": 12.1545,
        "v": 1.1,
        "ni": 0.0,
        "neut": 0.1,
        "mcrt": 0.46,
        "vis100f_idx": 0.18066305930416363,
        "rvp_idx": 11.162822713425463,
        "sg": 0.7861111111111111,
        "sulf": 0.1,
        "pour_idx": 12.907626997819971
    },
    "crude_9": {
        "ibp220": 16.7988,
        "htsd50": 497.179,
        "1020plus": 7.6355,
        "v": 0.2,
        "ni": 0.09,
        "neut": 0.1,
        "mcrt": 0.14,
        "vis100f_idx": 0.18438382446055887,
        "rvp_idx": 9.724257601339275,
        "sg": 0.8169745958429562,
        "sulf": 0.08,
        "pour_idx": 14.901203620867001
    },
    "crude_10": {
        "ibp220": 15.447,
        "htsd50": 560.713,
        "1020plus": 9.948,
        "v": 7.35,
        "ni": 0.88,
        "neut": 0.1,
        "mcrt": 1.66,
        "vis100f_idx": 0.2016878150365372,
        "rvp_idx": 12.39088345423508,
        "sg": 0.8202898550724638,
        "sulf": 0.33,
        "pour_idx": 31.4915866777365
    }
}